"A1"	"A2"	"A3"	"A4"	"B1"	"B2"	"B3"	"B4"
"'Thalassorhabdus' Choi et al. 2018"	0	0.0924214417744917	0	0	0.0800640512409928	0	0	0
"Abyssalbus"	0	0	0.174520069808028	0	0	0.0630517023959647	0	0
"Abyssibacter"	0	0.184842883548983	0	0.1669449081803	0	0	0	0
"Abyssivirga"	0	0	0	0	0.320256204963971	0.189155107187894	0.431965442764579	0.212314225053079
"Acetivibrio"	0.154320987654321	0.184842883548983	0.261780104712042	0.1669449081803	0.0800640512409928	0.0630517023959647	0	0
"Acetoanaerobium"	0	0	0	0	0.0800640512409928	0	0	0.283085633404105
"Acidihalobacter"	2.31481481481481	2.40295748613678	2.70506108202443	3.17195325542571	0.880704563650921	1.70239596469105	1.07991360691145	0.990799716914367
"Acidiluteibacter"	0	0	0.087260034904014	0	0	0	0	0
"Acidimangrovimonas"	0	0	0	0	0	0	0	0.0707714083510262
"Acidithrix"	0	0.184842883548983	0	0	0	0	0	0
"Acinetobacter"	0.308641975308642	0	0.087260034904014	0.333889816360601	0	0.0630517023959647	0.215982721382289	0.283085633404105
"Actibacter"	0.462962962962963	0.462107208872458	0.785340314136126	0.1669449081803	0.320256204963971	0.126103404791929	0.215982721382289	0.0707714083510262
"Actibacterium"	0.154320987654321	0.0924214417744917	0	0	0	0	0	0
"Actinomarinicola"	0.462962962962963	0.831792975970425	0.785340314136126	0.667779632721202	0	0.0630517023959647	0	0.141542816702052
"Actirhodobacter"	0	0.0924214417744917	0.087260034904014	0	0	0	0.215982721382289	0.0707714083510262
"Adhaeretor"	0.154320987654321	0	0	0	0	0	0	0
"Adhaeribacter"	0.154320987654321	0	0	0	0	0	0	0.0707714083510262
"Aeoliella"	0	0	0.174520069808028	0.1669449081803	0	0	0	0
"Aequoribacter"	0.154320987654321	0.0924214417744917	0	0	0	0	0	0
"Aestuariibaculum"	0	0	0.087260034904014	0.1669449081803	0	0	0	0
"Aestuariimonas"	0	0.0924214417744917	0	0	0	0	0	0
"Aestuariirhabdus"	0	0	0	0.1669449081803	0.0800640512409928	0	0	0
"Afifella"	0.308641975308642	0	0	0	0.0800640512409928	0	0	0
"Aggregatilinea"	0	0.0924214417744917	0.174520069808028	0.1669449081803	0.160128102481986	0.0630517023959647	0.107991360691145	0.0707714083510262
"Alcaligenes"	0	0	0	0	0	0	0	0.0707714083510262
"Alcanivorax"	0.154320987654321	0	0	0	0.0800640512409928	0	0	0.141542816702052
"Algibacter"	0	0	0.349040139616056	0	0	0	0	0
"Algicella"	0	0	0	0	0.0800640512409928	0.0630517023959647	0.107991360691145	0
"Algihabitans"	0	0	0.174520069808028	0	0.56044835868695	0.0630517023959647	0.323974082073434	0.283085633404105
"Algiphilus"	0	0	0.087260034904014	0	0	0	0	0
"Aliarcobacter"	0	0.277264325323475	0.349040139616056	3.33889816360601	0.160128102481986	1.70239596469105	0.107991360691145	6.01556970983723
"Aliikangiella"	0	0	0.087260034904014	0	0	0	0	0
"Aliiroseovarius"	0.154320987654321	0.0924214417744917	0	0	0	0	0	0
"Aliiruegeria"	0	0.0924214417744917	0.087260034904014	0.1669449081803	0.0800640512409928	0	0	0
"Alkalibacter"	0	0.0924214417744917	0	0	0.0800640512409928	0	0	0
"Alkalicoccobacillus"	0	0	0	0	0.0800640512409928	0	0	0
"Alkalihalobacillus"	0	0	0	0.1669449081803	0	0	0	0
"Alkaliphilus"	0.308641975308642	0	0	0	0.0800640512409928	0.0630517023959647	0	0.0707714083510262
"Alkalispirochaeta"	0	0.0924214417744917	0.087260034904014	0	0.0800640512409928	0	0	0.0707714083510262
"Alloalcanivorax"	0	0	0	0.1669449081803	0	0	0	0
"Allomuricauda"	0	0	0.087260034904014	0	0.0800640512409928	0	0	0
"Alsobacter"	0	0	0	0.1669449081803	0	0	0	0
"Alteraurantiacibacter"	0	0	3.83944153577661	0.834724540901502	0.240192153722978	0	0.215982721382289	0
"Altererythrobacter"	0.462962962962963	0.369685767097967	0.261780104712042	0.1669449081803	0.160128102481986	0.0630517023959647	0.107991360691145	0
"Altericroceibacterium"	0	0	0	0	0	0	0.107991360691145	0
"Alteromonas"	0	0	0.785340314136126	0	0.0800640512409928	0.126103404791929	0.107991360691145	0
"Amaricoccus"	0	0	0	0	0.0800640512409928	0.0630517023959647	0	0
"Aminipila"	0.154320987654321	0	0	0	0	0	0	0
"Amnimonas"	0	0.0924214417744917	0.087260034904014	0	0	0	0	0
"Amylibacter"	0	0.0924214417744917	0	0	0.0800640512409928	0	0	0
"Anaerohalosphaera"	0.154320987654321	0	0.174520069808028	0.1669449081803	0.320256204963971	0.756620428751576	0.107991360691145	0.212314225053079
"Anaeromonas"	0.154320987654321	0	0	0	0.0800640512409928	0	0	0
"Anaerosolibacter"	0.154320987654321	0.184842883548983	0.174520069808028	0	0	0	0	0
"Anagnostidinema"	0	0.739371534195933	0	0	0	0	0	0
"Ancylomarina"	0	0	0.349040139616056	0	0.0800640512409928	0	0	0
"Annamia"	0.154320987654321	0.0924214417744917	0	0	0	0	0	0
"Aquibium"	0	0	0	0	0	0	0	0.0707714083510262
"Aquicoccus"	0	0.184842883548983	0.087260034904014	0	0.0800640512409928	0.0630517023959647	0.107991360691145	0.141542816702052
"Aquipluma"	0.154320987654321	0.0924214417744917	0.261780104712042	0.1669449081803	0.320256204963971	0.315258511979823	0	0
"Arboricoccus"	0.154320987654321	0.0924214417744917	0.174520069808028	0.500834724540901	0.0800640512409928	0.126103404791929	0.215982721382289	0.424628450106157
"Arcobacter"	0	0	0	0.1669449081803	0	0.252206809583859	0	0.495399858457183
"Arcticibacterium"	0	0	0.261780104712042	0	0	0	0	0
"Arenibacterium"	0	0	0.261780104712042	0.1669449081803	0.0800640512409928	0	0	0
"Arenibaculum"	0	0.0924214417744917	0	0	0	0	0	0
"Arenimicrobium"	0	0	0.087260034904014	0	0	0	0	0
"Arenimonas"	0	0.0924214417744917	0	0	0.0800640512409928	0	0	0
"Aridibacter"	0.154320987654321	0.184842883548983	1.30890052356021	1.1686143572621	0	0.126103404791929	0	0.0707714083510262
"Aromatoleum"	0	0.0924214417744917	0	0	0	0.126103404791929	0	0.0707714083510262
"Aurantiacibacter"	0	0	0.43630017452007	0	0.0800640512409928	0	0.107991360691145	0.141542816702052
"Aurantibacter"	0	0.0924214417744917	0.087260034904014	0	0	0	0	0
"Aureibaculum"	0	0.0924214417744917	0.174520069808028	0	0	0	0	0
"Aureliella"	0	0	0	0.1669449081803	0	0	0	0
"Azospirillum"	0	0	0	0	0	0	0.107991360691145	0
"Bacillus"	0.617283950617284	1.29390018484288	2.26876090750436	1.3355592654424	0.160128102481986	0.126103404791929	0	1.20311394196745
"Balneicella"	0	0	0.087260034904014	0	0.0800640512409928	0	0	0
"Bartonella"	0.617283950617284	0	0	0.333889816360601	0.240192153722978	0.126103404791929	0.647948164146868	0.0707714083510262
"Blastopirellula"	0	0	0	0	0.0800640512409928	0	0	0
"Botrimarina"	0.462962962962963	0.184842883548983	0	0.1669449081803	0	0.0630517023959647	0	0
"Bremerella"	0.154320987654321	0.369685767097967	0.087260034904014	0.500834724540901	0	0.0630517023959647	0.107991360691145	0.0707714083510262
"Breznakibacter"	0	0.277264325323475	0	0	0.0800640512409928	0	0	0.0707714083510262
"Brucella"	0.154320987654321	0	0	0	0	0	0.107991360691145	0
"Brumimicrobium"	0.154320987654321	0	0	0	0.0800640512409928	0.0630517023959647	0	0
"Butyratibacter"	0.154320987654321	0.0924214417744917	0.087260034904014	0.333889816360601	0	0	0	0.0707714083510262
"Bythopirellula"	0.154320987654321	0.277264325323475	0.174520069808028	0.333889816360601	0	0.0630517023959647	0	0
"Caenispirillum"	0	0	0	0.1669449081803	0	0	0.107991360691145	0.0707714083510262
"Calculibacillus"	0	0	0	0.500834724540901	0	0.0630517023959647	0	0
"Calidifontibacillus"	1.54320987654321	0.55452865064695	2.79232111692845	1.1686143572621	0.320256204963971	0.252206809583859	0.431965442764579	3.11394196744515
"Calorithrix"	0.154320987654321	0	0	0	0	0.0630517023959647	0.107991360691145	0.141542816702052
"Campylobacter"	0	0	0	0	0	0	0	0.0707714083510262
"Carboxylicivirga"	0.154320987654321	0	0	0	0.480384307445957	0.126103404791929	0	0.141542816702052
"Celeribacter"	0	0	0.087260034904014	0	0	0	0	0
"Cellvibrio"	0	0	0.087260034904014	0	0	0	0	0
"Chelativorans"	0.154320987654321	0	0.087260034904014	0.1669449081803	0	0	0	0.0707714083510262
"Chelatococcus"	0.154320987654321	0	0	0.1669449081803	0.0800640512409928	0	0	0.0707714083510262
"Chondromyces"	0.771604938271605	0.739371534195933	0.261780104712042	0.500834724540901	0.160128102481986	0.126103404791929	0.107991360691145	0.0707714083510262
"Christiangramia"	0	0.184842883548983	0.087260034904014	0	0	0.189155107187894	0.107991360691145	0.0707714083510262
"Citrifermentans"	0	0	0.087260034904014	0	0	0	0	0.0707714083510262
"Clostridium"	0	0.184842883548983	0.174520069808028	0	0.0800640512409928	0.0630517023959647	0	0
"Cognatazoarcus"	0	0.277264325323475	0	0	0	0.0630517023959647	0	0
"Cohnella"	0.154320987654321	0	0	0	0	0	0	0
"Collibacillus"	0	0	0.087260034904014	0	0	0	0	0.0707714083510262
"Comamonas"	0.154320987654321	0.0924214417744917	0	0	0	0.0630517023959647	0.215982721382289	0.353857041755131
"Compactococcus"	0	0.0924214417744917	0	0	0	0	0	0
"Conexibacter"	0	0	0	0	0	0	0	0.0707714083510262
"Coraliihabitans"	0	0	0	0	0	0	0	0.141542816702052
"Coraliitalea"	0	0	0.087260034904014	0	0	0	0	0
"Coraliomargarita"	0.308641975308642	0.0924214417744917	0	0	0.0800640512409928	0.126103404791929	0.107991360691145	0.0707714083510262
"Crassaminicella"	0	0.0924214417744917	0.261780104712042	0	0	0	0	0.0707714083510262
"Cribrihabitans"	0.154320987654321	0	0	0	0	0	0	0
"Croceibacterium"	0	0	0.087260034904014	0	0	0	0.107991360691145	0
"Croceicoccus"	0.462962962962963	0	0	0.333889816360601	0	0.189155107187894	0	0
"Croceimicrobium"	0	0.0924214417744917	0	0	0	0.0630517023959647	0.107991360691145	0
"Cyanomargarita"	0	0	0.174520069808028	0	0	0	0	0
"Cyanothece"	0.771604938271605	3.60443622920518	0.43630017452007	0.1669449081803	0	0	0	0
"Cytobacillus"	0	0.184842883548983	0	0	0	0	0	0
"Daejeonella"	0	0	0	0	0	0	0.107991360691145	0
"Deferrisoma"	0	0	0	0.1669449081803	0	0.0630517023959647	0	0.0707714083510262
"Dehalobacterium"	0	0.0924214417744917	0.087260034904014	0	0	0.126103404791929	0.215982721382289	0
"Dehalogenimonas"	0	0	0	0	0	0.0630517023959647	0	0
"Deinococcus"	0	0	0	0	0	0	0	0.0707714083510262
"Delftia"	0.308641975308642	0.0924214417744917	0.087260034904014	0	0	0	0	0.283085633404105
"Denitrificimonas"	0.154320987654321	0	0	0	0	0.882723833543506	0	0
"Denitrobaculum"	0	0	0.087260034904014	0	0.0800640512409928	0.0630517023959647	0	0
"Dermatobacter"	0	0	0	0	0.0800640512409928	0	0	0
"Deserticella"	0	0.0924214417744917	0	0	0	0	0	0
"Desertimonas"	0	0.646950092421442	0.43630017452007	0.1669449081803	0	0.126103404791929	0	0.0707714083510262
"Desulfobulbus"	0.308641975308642	0.277264325323475	0.43630017452007	0.834724540901502	0.880704563650921	1.26103404791929	1.18790496760259	0.920028308563341
"Desulfocastanea"	0.462962962962963	0	0.698080279232112	0.1669449081803	0.480384307445957	0.315258511979823	0.755939524838013	0.283085633404105
"Desulfocicer"	0	0.0924214417744917	0	0	0.0800640512409928	0.0630517023959647	0	0
"Desulfoferrobacter"	0.462962962962963	0.184842883548983	1.39616055846422	1.669449081803	0.640512409927942	0.189155107187894	0.215982721382289	0.353857041755131
"Desulfogranum"	0.771604938271605	0.277264325323475	0.174520069808028	0.1669449081803	0.640512409927942	0.315258511979823	0.647948164146868	0.283085633404105
"Desulfolithobacter"	1.85185185185185	1.66358595194085	1.2216404886562	1.5025041736227	7.36589271417134	3.46784363177806	4.53563714902808	5.30785562632696
"Desulfolucanica"	0.154320987654321	0	0	0	0	0	0	0
"Desulfomarina"	2.00617283950617	1.47874306839187	1.48342059336824	0.667779632721202	0.640512409927942	0.252206809583859	2.05183585313175	0.424628450106157
"Desulfomicrobium"	0	0	0	0	0	0.126103404791929	0	0
"Desulfonatronum"	0	0	0.087260034904014	0	0	0	0	0
"Desulfoprunum"	0	0.462107208872458	1.04712041884817	0.1669449081803	0.880704563650921	0.630517023959647	0.971922246220302	0.283085633404105
"Desulfosarcina"	8.02469135802469	3.60443622920518	5.93368237347295	4.67445742904841	6.40512409927942	3.59394703656999	4.64362850971922	4.6001415428167
"Desulfosediminicola"	0.154320987654321	0.369685767097967	0.349040139616056	0	0.480384307445957	0.252206809583859	0.215982721382289	0.141542816702052
"Desulfosporosinus"	0	0.0924214417744917	0	0	0	0	0	0.0707714083510262
"Desulfosudis"	0.308641975308642	0.369685767097967	0.523560209424084	0.500834724540901	0.400320256204964	0.315258511979823	1.18790496760259	0.636942675159236
"Desulfovibrio"	0	0	0	0	0	0	0	0.0707714083510262
"Desulfovulcanus"	0	0	0	0.1669449081803	0	0	0	0
"Desulfuromonas"	0.462962962962963	0	0.087260034904014	1.0016694490818	0.640512409927942	0.252206809583859	0.863930885529158	0.283085633404105
"Dethiosulfatarculus"	0	0	0	0	0.0800640512409928	0	0	0
"Devosia"	0.154320987654321	0.0924214417744917	0.087260034904014	0.333889816360601	0	0.0630517023959647	0	0
"Diplocloster"	0	0	0	0	0.0800640512409928	0	0	0
"Dissulfurimicrobium"	0.308641975308642	0	0	0	0	0	0	0
"Dissulfurirhabdus"	0	0.0924214417744917	0	0	0.0800640512409928	0	0	0
"Dokdonia"	0.154320987654321	0.0924214417744917	0	0	0	0	0	0
"Draconibacterium"	0	0.277264325323475	0.349040139616056	0.333889816360601	1.04083266613291	1.45018915510719	0.647948164146868	0.707714083510262
"Dyadobacter"	0	0	0.087260034904014	0	0	0	0.107991360691145	0
"Edaphobacter"	0.154320987654321	0	0.087260034904014	0	0	0	0	0
"Edaphocola"	0	0	0	0	0.0800640512409928	0	0	0
"Endothiovibrio"	1.23456790123457	1.29390018484288	1.74520069808028	0.834724540901502	2.16172938350681	0.882723833543506	1.83585313174946	1.69851380042463
"Ensifer"	0.462962962962963	0.184842883548983	0.261780104712042	0.1669449081803	0.0800640512409928	0	0	0.141542816702052
"Entomomonas"	0	0	0	0	0.0800640512409928	0	0.107991360691145	0
"Ereboglobus"	0	0	0	0.1669449081803	0	0	0	0
"Erysipelothrix"	0	0	0	0	0	0	0	0.0707714083510262
"Erythrobacter"	0.154320987654321	0.184842883548983	0.261780104712042	0	0.0800640512409928	0	0	0.0707714083510262
"Eubacterium"	0	0	0	0.1669449081803	0	0	0	0.141542816702052
"Euzebya"	0	0.0924214417744917	0	0	0	0	0	0
"Exiguobacterium"	0.308641975308642	0.739371534195933	0.087260034904014	0.1669449081803	0	0	0	0.0707714083510262
"Exilibacterium"	0	0.184842883548983	0	0	0	0	0	0
"Falsibacillus"	0	0	0	0	0	0	0.107991360691145	0
"Falsiroseomonas"	0	0	0	0	0	0	0	0.0707714083510262
"Fermentimonas"	0	0	0	0	0.0800640512409928	0	0	0
"Ferruginivarius"	0.154320987654321	0	0.523560209424084	0.834724540901502	0.640512409927942	0.189155107187894	0.431965442764579	0.283085633404105
"Fertoeibacter"	0	0	0.087260034904014	0	0	0	0	0
"Fictibacillus"	0	0.0924214417744917	0	0	0	0	0	0
"Flavilitoribacter"	2.00617283950617	4.15896487985213	0.87260034904014	1.1686143572621	0.720576461168935	1.45018915510719	0.647948164146868	0.353857041755131
"Flavimaribacter"	0.308641975308642	0.0924214417744917	0.087260034904014	0	0.0800640512409928	0	0.215982721382289	0
"Flavisolibacter"	0	0.184842883548983	0	0	0	0	0	0
"Flavivirga"	0	0	0.087260034904014	0	0	0	0	0
"Flavobacterium"	0.308641975308642	0.0924214417744917	0.087260034904014	0	0	0	0.107991360691145	0
"Flexilinea"	0	0	0.087260034904014	0	0	0	0	0
"Fluviicola"	0.154320987654321	0.0924214417744917	0	0	0	0	0	0
"Fodinibius"	0.154320987654321	0	0.087260034904014	0	0	0	0	0
"Fontisphaera"	0	0	0	0	0.0800640512409928	0	0.107991360691145	0
"Formosa"	0.154320987654321	0	0.087260034904014	0	0.0800640512409928	0.0630517023959647	0	0
"Frankia"	0	0	0.087260034904014	0	0	0	0	0
"Frigidibacter"	0.154320987654321	0.0924214417744917	0.087260034904014	0.1669449081803	0	0	0	0
"Fucophilus"	0	0.184842883548983	0.087260034904014	0	0	0.0630517023959647	0	0
"Fuerstiella"	0.154320987654321	0	0	0	0	0.0630517023959647	0	0
"Fulbrightiella"	0	0.646950092421442	0	0	0	0	0	0
"Fulvivirga"	5.09259259259259	4.89833641404806	2.79232111692845	3.50584307178631	2.40192153722978	4.35056746532156	2.05183585313175	2.33545647558386
"Fusibacter"	0.154320987654321	0.0924214417744917	0.087260034904014	0.333889816360601	0.0800640512409928	0.126103404791929	0	0.141542816702052
"Fusobacterium"	0	0	0.087260034904014	0	0	0	0	0
"Gallaecimonas"	0	0	0.087260034904014	0	0	0	0	0
"Gellertiella"	0	0.0924214417744917	0	0	0	0	0	0
"Geminobacterium"	0.462962962962963	0.0924214417744917	0	0.1669449081803	0.0800640512409928	0	0	0
"Geoanaerobacter"	0.308641975308642	0	0.261780104712042	0.667779632721202	0	0.189155107187894	0.323974082073434	0.0707714083510262
"Geobacillus"	0.154320987654321	0	0	0	0	0	0	0.0707714083510262
"Geobacter"	0	0.0924214417744917	0.087260034904014	0.500834724540901	0	0	0	0
"Geofilum"	0	0	0.087260034904014	0	0	0.0630517023959647	0	0.141542816702052
"Geomesophilobacter"	0	0	0	0	0	0	0	0.0707714083510262
"Geomonas"	0.308641975308642	0.184842883548983	0.174520069808028	0.333889816360601	0.240192153722978	0.252206809583859	0.539956803455723	0.495399858457183
"Georhizobium"	0	0.0924214417744917	0	0	0	0	0	0
"Geotalea"	0	0.0924214417744917	0	0	0	0.0630517023959647	0.107991360691145	0
"Geothermobacter"	0.308641975308642	0	0.087260034904014	0.333889816360601	0.56044835868695	0.252206809583859	0.215982721382289	0.212314225053079
"Gilvimarinus"	0	0.184842883548983	0	0.1669449081803	0.320256204963971	0	0	0
"Gimesia"	0.308641975308642	0	0.349040139616056	0.1669449081803	0.160128102481986	0	0.107991360691145	0.141542816702052
"Gimibacter"	0	0	0.087260034904014	0	0	0	0	0
"Gloeothece"	0	0.0924214417744917	0	0	0	0	0	0
"Gracilimonas"	0	0	0	0	0.0800640512409928	0	0	0
"Gudongella"	0	0	0	0	0	0	0	0.212314225053079
"Guopingia"	0	0	0	0	0	0.0630517023959647	0	0
"Halalkalibacter"	0	0.0924214417744917	0	0	0	0	0	0
"Halalkalibaculum"	0	0	0	0	0	0	0.107991360691145	0
"Halarcobacter"	0	0	0	0.1669449081803	0	0.126103404791929	0	0.0707714083510262
"Haliea"	0	0	0.087260034904014	0	0.160128102481986	0.0630517023959647	0.215982721382289	0.0707714083510262
"Halioglobus"	0.154320987654321	0.0924214417744917	0.087260034904014	0	0.0800640512409928	0.0630517023959647	0.215982721382289	0.141542816702052
"Halioxenophilus"	0.154320987654321	0	0	0	0	0	0	0
"Halobacillus"	0.154320987654321	0	0.174520069808028	0	0	0	0.107991360691145	0
"Halobacteriovorax"	0.154320987654321	0	0	0.333889816360601	0.160128102481986	0.126103404791929	0.107991360691145	0
"Halofilum"	1.08024691358025	0.924214417744917	0.610820244328098	1.3355592654424	0.720576461168935	0.819672131147541	0.755939524838013	0.212314225053079
"Haloimpatiens"	0	0	0.087260034904014	0	0	0	0	0.0707714083510262
"Halomarinibacterium"	0	0	0	0	0.0800640512409928	0.0630517023959647	0	0
"Halomonas"	0.771604938271605	0.369685767097967	0.349040139616056	0.1669449081803	0.0800640512409928	0.0630517023959647	0	0.0707714083510262
"Halophibacterium"	0	0	0	0	0.0800640512409928	0	0	0
"Halovulum"	0	0	0	0	0.0800640512409928	0	0	0.0707714083510262
"Hanstruepera"	0	0	0.43630017452007	0	0	0	0	0
"Harenicola"	0	0	0	0.1669449081803	0	0	0	0
"Hathewaya"	0	0	0.087260034904014	0	0	0	0	0
"Heliomarina"	0	0	0	0	0.0800640512409928	0	0.107991360691145	0.0707714083510262
"Herbaspirillum"	0	0	0	0	0.0800640512409928	0	0	0
"Heyndrickxia"	0	0	0.087260034904014	0	0	0	0	0.141542816702052
"Hoeflea"	0	0	0	0	0.0800640512409928	0	0	0
"Hongsoonwoonella"	0	0	0.087260034904014	0.1669449081803	0	0	0.107991360691145	0
"Hydrogeniiclostridium"	0	0	0.087260034904014	0	0	0	0	0
"Hydrogenophilus"	0	0	0	0	0.0800640512409928	0	0	0
"Hymenobacter"	0	0	0	0	0	0	0	0.0707714083510262
"Hypericibacter"	0	0.184842883548983	0	0	0	0	0	0
"Hyphobacterium"	0	0	0	0.1669449081803	0	0	0	0
"Hyphococcus"	0	0	0.087260034904014	0	0	0	0	0
"Hyphomicrobium"	0.308641975308642	0.277264325323475	0	0.1669449081803	0.0800640512409928	0.126103404791929	0	0.0707714083510262
"Hyphomonas"	0	0	0	0.1669449081803	0	0	0	0.0707714083510262
"Hyunsoonleella"	0	0	0	0	0.0800640512409928	0	0	0
"Imhoffiella"	0.308641975308642	0.369685767097967	0.523560209424084	0.333889816360601	0.320256204963971	0	0.107991360691145	0.141542816702052
"Inconstantimicrobium"	0	0	0.087260034904014	0	0	0	0	0
"Inmirania"	0.154320987654321	0.277264325323475	0.174520069808028	0.333889816360601	0	0.126103404791929	0	0.212314225053079
"Isoalcanivorax"	0	0.277264325323475	0.087260034904014	0	0	0	0	0
"Jiangella"	0	0	0.087260034904014	0	0	0	0	0
"Kandeliimicrobium"	0	0.0924214417744917	0	0	0	0	0	0
"Kangiella"	0	0	0	0	0.0800640512409928	0	0	0
"Kangsaoukella"	0.462962962962963	0.462107208872458	0.174520069808028	0	0.160128102481986	0.126103404791929	0.323974082073434	0.212314225053079
"Kaustia"	0.154320987654321	0.0924214417744917	0.087260034904014	0.1669449081803	0	0	0	0.0707714083510262
"Ketobacter"	0	0	0	0	0	0	0.107991360691145	0.141542816702052
"Kiloniella"	0	0	0	0	0.0800640512409928	0	0	0
"Kineobactrum"	0.462962962962963	0.369685767097967	0.523560209424084	0.1669449081803	0.160128102481986	0.441361916771753	0.647948164146868	0.353857041755131
"Kineococcus"	0	0	0.087260034904014	0	0	0	0	0
"Kistimonas"	0	0.0924214417744917	0	0	0	0	0	0
"Kordiimonas"	0	0	0.087260034904014	0	0	0	0	0
"Kovacikia"	0	0.184842883548983	0	0	0	0	0	0
"Labilibacter"	0	0	0	0	0.240192153722978	0.315258511979823	0.215982721382289	0
"Labilibaculum"	0	0	0.43630017452007	0	0	0.0630517023959647	0	0
"Lacinutrix"	0	0	0.087260034904014	0	0	0	0	0
"Lacrimispora"	0	0	0	0	0	0.0630517023959647	0	0.0707714083510262
"Larsenimonas"	0	0	0.087260034904014	0	0	0	0	0
"Legionella"	0	0	0.174520069808028	0.333889816360601	0	0.0630517023959647	0.107991360691145	0
"Lentimicrobium"	0.308641975308642	0.277264325323475	0.087260034904014	0.333889816360601	0.800640512409928	0.756620428751576	0.323974082073434	0.778485491861288
"Leucothrix"	0	0	0	0.1669449081803	0.160128102481986	0	0.107991360691145	0
"Lichenicoccus"	0	0.0924214417744917	0	0	0	0	0	0
"Lignipirellula"	0.462962962962963	0	0.261780104712042	0.333889816360601	0.160128102481986	0.0630517023959647	0.107991360691145	0.0707714083510262
"Limibaculum"	0.154320987654321	0	0.087260034904014	0.333889816360601	0.240192153722978	0.0630517023959647	0.107991360691145	0.141542816702052
"Limihaloglobus"	0	0.0924214417744917	0	0	0	0	0	0.0707714083510262
"Limnoglobus"	0	0	0.087260034904014	0	0	0	0	0
"Limosilactobacillus"	0	0	0.087260034904014	0	0	0	0	0.0707714083510262
"Litoreibacter"	0	0	0	0	0	0.0630517023959647	0	0
"Litoribaculum"	0	0	0	0	0.0800640512409928	0	0	0
"Litorisediminivivens"	0	0	0.087260034904014	0	0	0	0	0
"Litorivivens"	0	0.184842883548983	0.087260034904014	0	0.0800640512409928	0	0.107991360691145	0.212314225053079
"Longimicrobium"	0.154320987654321	0.0924214417744917	0.261780104712042	0.1669449081803	0.240192153722978	0.0630517023959647	0.215982721382289	0.0707714083510262
"Longivirga"	0	0	0	0	0.0800640512409928	0	0	0
"Lujinxingia"	0.154320987654321	0	0	0	0	0	0	0
"Luoshenia"	0	0	0	0	0.0800640512409928	0	0	0.141542816702052
"Lusitaniella"	0	0	0	0.1669449081803	0	0	0	0
"Luteitalea"	0.154320987654321	0.55452865064695	1.2216404886562	1.5025041736227	0.160128102481986	0.126103404791929	0.323974082073434	0.0707714083510262
"Luteolibacter"	0.154320987654321	0.0924214417744917	0	0.1669449081803	0.480384307445957	0.0630517023959647	0.431965442764579	0.353857041755131
"Lutibacter"	0	0.184842883548983	0	0	0	0	0	0
"Lutibaculum"	0	0.0924214417744917	0	0	0.0800640512409928	0	0	0
"Lysinibacillus"	0.308641975308642	0	0	0	0	0	0	0
"Lysobacter"	0.154320987654321	0	0	0	0	0	0	0
"Macrochaete"	0	0.0924214417744917	0	0.1669449081803	0	0	0	0
"Magnetospirillum"	0	0	0	0.1669449081803	0	0	0	0
"Maioricimonas"	0.154320987654321	0.184842883548983	0	0	0.0800640512409928	0	0	0
"Mangrovibacterium"	0	0	0.174520069808028	0.500834724540901	0.160128102481986	0.126103404791929	0.323974082073434	0.141542816702052
"Mangrovicoccus"	0	0	0	0	0	0	0.107991360691145	0
"Mangrovimonas"	0	0	0	0	0.160128102481986	0.189155107187894	0.215982721382289	0.0707714083510262
"Mangrovitalea"	0	0.0924214417744917	0	0	0	0	0.215982721382289	0
"Mangrovivirga"	0	0	0	0	0.0800640512409928	0	0	0.212314225053079
"Maribacter"	0	0	0.087260034904014	0	0	0	0	0
"Maribellus"	0.308641975308642	0.0924214417744917	0.43630017452007	0.834724540901502	3.76301040832666	3.34174022698613	2.80777537796976	1.69851380042463
"Marimicrobium"	0	0	0	0	0	0	0.107991360691145	0
"Marimonas"	0.154320987654321	0	0	0	0	0	0	0
"Marinagarivorans"	0	0.0924214417744917	0	0	0	0	0	0
"Mariniblastus"	0.154320987654321	0.739371534195933	0.087260034904014	0	0	0	0	0
"Marinicauda"	0.308641975308642	0	0	0	0	0	0	0
"Marinicaulis"	0	0.184842883548983	0.087260034904014	0.500834724540901	0	0	0	0
"Marinicella"	0	0.0924214417744917	0.43630017452007	0.1669449081803	0	0	0	0.0707714083510262
"Marinifilum"	0	0.0924214417744917	0.610820244328098	0	0	0	0	0.0707714083510262
"Marinilabilia"	0	0	0	0	0.0800640512409928	0.0630517023959647	0	0.141542816702052
"Marinimicrobium"	0	0	0.087260034904014	0	0	0	0	0
"Marinirhabdus"	0	0	0.087260034904014	0	0	0	0	0
"Marinisporobacter"	0.154320987654321	0.0924214417744917	0	0.1669449081803	0.0800640512409928	0	0	0
"Marinitenerispora"	0	0	0.087260034904014	0	0	0	0	0
"Marinobacter"	0.771604938271605	0.739371534195933	0.610820244328098	0.834724540901502	0.240192153722978	0.441361916771753	0.971922246220302	0.424628450106157
"Marinobacterium"	0	0	0.087260034904014	0.1669449081803	0.0800640512409928	0.0630517023959647	0.107991360691145	0
"Marinomonas"	0.154320987654321	0	0	0.1669449081803	0	0	0	0
"Mariprofundus"	0	0	0.087260034904014	0	0	0.0630517023959647	0	0
"Marispirochaeta"	0.154320987654321	0.184842883548983	0.087260034904014	0.1669449081803	0.0800640512409928	0.189155107187894	0.107991360691145	0.141542816702052
"Maritimibacter"	0	0.0924214417744917	0	0.333889816360601	0	0	0	0.141542816702052
"Marivibrio"	0	0	0.087260034904014	0.1669449081803	0	0	0	0
"Marivirga"	0	0	0	0	0	0	0.107991360691145	0
"Massilia"	0	0.0924214417744917	0	0	0	0	0	0
"Massilibacteroides"	0	0.277264325323475	0.087260034904014	0.1669449081803	0	0.126103404791929	0.107991360691145	0
"Meinhardsimonia"	0	0	0	0	0	0.0630517023959647	0	0
"Membranihabitans"	0	0	0	0	0.0800640512409928	0	0	0
"Meridianimarinicoccus"	0	0	0.087260034904014	0	0.0800640512409928	0	0.107991360691145	0
"Mesobacillus"	0	0.0924214417744917	0.174520069808028	0	0	0	0	0
"Mesobaculum"	0	0	0	0	0	0.0630517023959647	0	0
"Mesorhizobium"	0.154320987654321	0.0924214417744917	0.349040139616056	0.333889816360601	0.0800640512409928	0	0.215982721382289	0.212314225053079
"Mesoterricola"	0	0.0924214417744917	0	0.1669449081803	0	0	0	0.0707714083510262
"Metabacillus"	0.154320987654321	0	0.174520069808028	0	0	0	0	0
"Metaplanococcus"	0	0.0924214417744917	0	0	0	0	0	0
"Methylicorpusculum"	0	0	0	0	0	0.0630517023959647	0	0
"Methylobrevis"	0	0	0	0.1669449081803	0	0	0	0
"Methylococcus"	0.771604938271605	0.369685767097967	0.174520069808028	0.834724540901502	0.0800640512409928	0.189155107187894	0	0
"Methylocucumis"	0.154320987654321	0	0	0	0	0.0630517023959647	0	0.0707714083510262
"Methylocystis"	0.154320987654321	0	0	0	0	0.0630517023959647	0	0
"Methylomicrobium"	0	0	0	0	0	0.0630517023959647	0.107991360691145	0
"Methylomonas"	0	0.184842883548983	0.261780104712042	0	0	0.0630517023959647	0.107991360691145	0
"Methylomusa"	0.154320987654321	0	0.087260034904014	0.1669449081803	0	0	0.323974082073434	0.212314225053079
"Methylophaga"	0	0	0.087260034904014	0	0	0	0.107991360691145	0
"Methylophilus"	0	0	0.174520069808028	0	0	0.0630517023959647	0	0
"Methylopila"	0	0	0	0	0	0.0630517023959647	0	0
"Methyloprofundus"	0	0	0.174520069808028	0	0	0.126103404791929	0	0
"Methyloradius"	0	0	0.087260034904014	0	0	0	0	0
"Methylotenera"	0	0	0.43630017452007	0	0	0	0	0
"Methyloterricola"	0	0	0.087260034904014	0	0	0	0	0
"Methylothermalis"	0.308641975308642	0.55452865064695	0.698080279232112	0.667779632721202	0.0800640512409928	0.0630517023959647	0.107991360691145	0.141542816702052
"Methylotuvimicrobium"	0.154320987654321	0	0.174520069808028	0.667779632721202	0.400320256204964	0	0.431965442764579	0.141542816702052
"Microbaculum"	0	0.184842883548983	0.174520069808028	0.500834724540901	0.0800640512409928	0	0	0
"Microbulbifer"	1.38888888888889	0.646950092421442	1.2216404886562	0.1669449081803	0.240192153722978	0.504413619167718	2.91576673866091	0.495399858457183
"Microvenator"	0	0	0	0	0.0800640512409928	0	0	0
"Microvirgula"	0	0	0	0	0	0	0	0.0707714083510262
"Minwuia"	0	0.184842883548983	0	0.1669449081803	0	0	0	0
"Mongoliimonas"	0	0.0924214417744917	0	0	0	0	0	0
"Motilimonas"	0	0	0	0	0	0	0.107991360691145	0.0707714083510262
"Mucisphaera"	0.154320987654321	0.0924214417744917	0	0.1669449081803	0	0.126103404791929	0.107991360691145	0
"Muriicola"	0	0.55452865064695	0.087260034904014	0	0	0.0630517023959647	0	0
"Mycetohabitans"	0	0	0	0	0	0	0.107991360691145	0
"Nannocystis"	0	0.646950092421442	0.174520069808028	0	0.0800640512409928	0.189155107187894	0.107991360691145	0.0707714083510262
"Natronospira"	0.154320987654321	0	0.087260034904014	0	0.0800640512409928	0.0630517023959647	0	0
"Neolewinella"	0	0.0924214417744917	0	0	0.160128102481986	0	0.107991360691145	0
"Neolyngbya"	0	0	0	0	0	0	0.107991360691145	0.0707714083510262
"Neorickettsia"	0	0.0924214417744917	0	0	0	0	0	0
"Neptunomonas"	0	0	0.087260034904014	0	0	0	0	0
"Nioella"	0	0.0924214417744917	0	0.1669449081803	0.0800640512409928	0	0	0.141542816702052
"Nisaea"	0	0	0	0	0	0	0.107991360691145	0
"Nitratireductor"	0	0.0924214417744917	0	0	0	0	0	0
"Nitrincola"	0	0	0	0	0	0	0.107991360691145	0
"Nitrosospira"	0	0	0.349040139616056	0.667779632721202	0.0800640512409928	0	0	0
"Nitrospina"	0.308641975308642	0	0	0.1669449081803	0	0	0	0
"Nitrospira"	0.154320987654321	0.0924214417744917	0.349040139616056	0.333889816360601	0	0.0630517023959647	0	0.283085633404105
"Niveibacterium"	0	0	0.087260034904014	0.1669449081803	0.160128102481986	0	0.107991360691145	0
"Nocardioides"	0	0.184842883548983	0	0.1669449081803	0	0.0630517023959647	0	0
"Noviherbaspirillum"	0	0	0	0	0	0.126103404791929	0	0
"Novosphingobium"	0	0	0.174520069808028	0.1669449081803	0.0800640512409928	0	0	0.141542816702052
"Oceanibaculum"	0.154320987654321	0.0924214417744917	0.087260034904014	0.333889816360601	0.240192153722978	0	0.323974082073434	0.141542816702052
"Oceaniferula"	0	0.0924214417744917	0	0.1669449081803	0	0	0	0.0707714083510262
"Oceaniglobus"	0	0.0924214417744917	0	0	0	0	0	0
"Oceanimonas"	0	0.0924214417744917	0	0	0	0.378310214375788	0.215982721382289	0.141542816702052
"Oceanipulchritudo"	0	0	0	0	0.160128102481986	0.189155107187894	0.539956803455723	0.353857041755131
"Oceaniradius"	0.154320987654321	0.0924214417744917	0	0.1669449081803	0.0800640512409928	0	0	0
"Oceanirhabdus"	0	0.0924214417744917	0	0	0.0800640512409928	0.0630517023959647	0	0.212314225053079
"Oceanisphaera"	0.154320987654321	0.277264325323475	0	0	0	0	0	0
"Oceanispirochaeta"	0	0	0	0	0.0800640512409928	0.0630517023959647	0	0
"Oceanococcus"	0.154320987654321	0	0	0	0.0800640512409928	0	0	0
"Oceanomicrobium"	0	0.0924214417744917	0.087260034904014	0.1669449081803	0.240192153722978	0	0.107991360691145	0
"Oleiagrimonas"	0	0.0924214417744917	0	0	0	0	0	0
"Oleiliquidispirillum"	0.154320987654321	0	0.087260034904014	0.1669449081803	0.0800640512409928	0.126103404791929	0.107991360691145	0.0707714083510262
"Olleya"	0	0	0.087260034904014	0	0	0	0	0
"Oricola"	0	0.184842883548983	0.087260034904014	0.333889816360601	0	0	0	0.0707714083510262
"Oryzibacter"	0	0	0	0	0	0	0	0.0707714083510262
"Oryzomicrobium"	0.154320987654321	0	0	0	0	0	0	0
"Ostreibacterium"	0	0.0924214417744917	0.261780104712042	0.1669449081803	0	0	0	0.0707714083510262
"Palleronia"	0.154320987654321	0	0	0	0	0.0630517023959647	0	0.0707714083510262
"Parabacteroides"	0.154320987654321	0	0	0	0	0.0630517023959647	0	0.141542816702052
"Paraburkholderia"	0.308641975308642	0	0.349040139616056	0	0.0800640512409928	0.0630517023959647	0.107991360691145	0.212314225053079
"Paraclostridium"	0	0	0	0.1669449081803	0.240192153722978	0.189155107187894	0.215982721382289	0.212314225053079
"Paracoccus"	0.154320987654321	0	0	0	0	0	0	0
"Paraconexibacter"	0	0	0	0	0	0	0.215982721382289	0
"Paraglaciecola"	0	0.0924214417744917	0	0	0	0	0	0
"Parahaliea"	0.308641975308642	0.0924214417744917	0.174520069808028	0.333889816360601	0.480384307445957	0.819672131147541	0.755939524838013	0.283085633404105
"Paralysiella"	0.154320987654321	0.184842883548983	0.087260034904014	0	0	0	0	0
"Paramagnetospirillum"	0	0	0.087260034904014	0.1669449081803	0	0.0630517023959647	0	0.283085633404105
"Paraneptunicella"	0	0	0.174520069808028	0	0	0	0	0
"Parapontixanthobacter"	0	0	0	0	0.0800640512409928	0	0	0
"Pararhizobium"	0	0.0924214417744917	0	0	0	0	0	0
"Pararobbsia"	0	0	0	0	0.0800640512409928	0	0	0
"Parasphingopyxis"	0	0	0	0	0.0800640512409928	0	0	0
"Parasphingorhabdus"	0.154320987654321	0	0	0	0	0	0.215982721382289	0
"Parasynechococcus"	0	0.0924214417744917	0.087260034904014	0	0	0	0	0
"Paraurantiacibacter"	0	0	0	0	0	0	0.107991360691145	0
"Paroceanicella"	0	0	0.087260034904014	0	0	0	0.107991360691145	0
"Patulibacter"	0	0.0924214417744917	0	0	0	0	0	0
"Pedobacter"	0	0	0	0	0	0	0	0.0707714083510262
"Pelagerythrobacter"	0	0	0.43630017452007	0	0	0	0	0
"Pelagibacterium"	0	0.0924214417744917	0.174520069808028	0	0	0	0	0
"Pelagibius"	0.617283950617284	0.739371534195933	0.785340314136126	1.5025041736227	2.40192153722978	0.94577553593947	1.61987041036717	1.76928520877565
"Pelagicoccus"	0	0	0	0.1669449081803	0	0	0	0
"Pelagimonas"	0	0	0	0	0.0800640512409928	0	0	0
"Pelagovum"	0	0	0.087260034904014	0	0	0	0	0
"Pelocola"	0	0.0924214417744917	0	0	0	0	0	0
"Pelovirga"	0.308641975308642	0	0.087260034904014	0.1669449081803	0	0	0.107991360691145	0.0707714083510262
"Peribacillus"	0	0.0924214417744917	0	0	0	0	0	0
"Peristeroidobacter"	0.154320987654321	0.0924214417744917	0	0	0	0	0	0
"Perspicuibacter"	0.154320987654321	0.184842883548983	0.523560209424084	0	0.0800640512409928	0.126103404791929	0.107991360691145	0.141542816702052
"Peterkaempfera"	0	0	0.087260034904014	0	0	0	0	0
"Petrimonas"	0	0	0	0.1669449081803	0.0800640512409928	0	0	0
"Petrocella"	0	0	0	0	0.240192153722978	0	0	0
"Phascolarctobacterium"	0	0	0	0.1669449081803	0	0	0	0
"Phenylobacterium"	0	0	0	0.1669449081803	0	0	0	0
"Photobacterium"	0	0	0	0	0.0800640512409928	0.0630517023959647	0.215982721382289	0
"Phototrophicus"	0	0	0.087260034904014	0	0	0	0	0
"Phragmitibacter"	0.154320987654321	0	0	0	0.0800640512409928	0	0	0
"Phycicoccus"	0	0.0924214417744917	0	0	0	0	0	0
"Phycobacter"	0.154320987654321	0	0.174520069808028	0	0.0800640512409928	0	0	0
"Pikeienuella"	0	0	0	0	0	0.0630517023959647	0	0
"Pirellulimonas"	0	0	0	0	0.0800640512409928	0	0	0
"Piscinibacterium"	0	0	0	0	0.0800640512409928	0	0	0
"Pistricoccus"	0.154320987654321	0	0.261780104712042	0	0	0	0.107991360691145	0
"Planococcus"	0.771604938271605	1.57116451016636	0	0	0	0	0	0
"Planomicrobium"	0	0.462107208872458	0	0	0	0	0	0
"Pleionea"	0	0	0.087260034904014	0.1669449081803	0	0	0	0
"Pleomorphochaeta"	0	0	0	0	0	0.0630517023959647	0	0
"Pleomorphomonas"	0	0	0	0.1669449081803	0	0	0	0
"Polyangium"	0	0.0924214417744917	0	0	0	0.0630517023959647	0.107991360691145	0.141542816702052
"Pontibacillus"	0	0	0.087260034904014	0	0	0	0	0
"Pontibacter"	0	0.0924214417744917	0	0	0	0	0	0
"Pontimicrobium"	0	0	0	0	0	0	0	0.0707714083510262
"Pontivivens"	0	0	0.174520069808028	0	0.160128102481986	0.0630517023959647	0	0
"Pontixanthobacter"	0.154320987654321	0	0	0	0	0	0	0
"Poritiphilus"	0	0.184842883548983	0	0	0	0	0	0
"Poseidonibacter"	0	0.0924214417744917	0.087260034904014	0	0	0	0	0.0707714083510262
"Posidoniimonas"	0	0	0	0.1669449081803	0.0800640512409928	0.0630517023959647	0	0
"Priestia"	0	0.55452865064695	0.087260034904014	1.1686143572621	0.0800640512409928	0.252206809583859	1.07991360691145	4.88322717622081
"Propylenella"	0	0	0	0.1669449081803	0	0	0	0
"Proteiniborus"	0	0	0.087260034904014	0	0	0	0	0
"Proteiniclasticum"	0	0	0.349040139616056	0.333889816360601	0	0	0	0.141542816702052
"Pseudacidobacterium"	0	0	0.087260034904014	0.1669449081803	0	0	0	0
"Pseudactinotalea"	0	0	0	0	0	0	0.107991360691145	0
"Pseudahrensia"	0	0	0.174520069808028	0	0.0800640512409928	0	0	0
"Pseudalkalibacillus"	0	0.0924214417744917	0.174520069808028	0.1669449081803	0	0	0	0
"Pseudaminobacter"	0	0	0.087260034904014	0	0	0	0	0
"Pseudemcibacter"	0	0	0.087260034904014	0	0	0	0	0
"Pseudoalteromonas"	0.308641975308642	0	0.087260034904014	0	0	0	0	0
"Pseudobacteriovorax"	0	0	0.087260034904014	0	0	0	0	0
"Pseudobdellovibrio"	0	0	0	0	0.0800640512409928	0	0	0
"Pseudochroococcus"	0	0	0.087260034904014	0	0	0	0	0
"Pseudodesulfovibrio"	0	0	0	0	0	0.0630517023959647	0	0
"Pseudohalioglobus"	0	0.184842883548983	0	0	0.160128102481986	0.0630517023959647	0.215982721382289	0.283085633404105
"Pseudohongiella"	0.154320987654321	0.0924214417744917	0.087260034904014	0	0.320256204963971	0.126103404791929	0.107991360691145	0.353857041755131
"Pseudokordiimonas"	0.308641975308642	0.0924214417744917	0	0.1669449081803	0	0	0	0
"Pseudomarimonas"	0	0	0	0	0	0	0.107991360691145	0.0707714083510262
"Pseudomarivita"	0	0	0	0	0.0800640512409928	0	0	0
"Pseudomonas"	0.308641975308642	0	0.087260034904014	0.1669449081803	0.160128102481986	0.315258511979823	0.323974082073434	0.283085633404105
"Pseudooceanicola"	0.617283950617284	0.184842883548983	0.087260034904014	0	0	0.189155107187894	0	0
"Pseudopontivivens"	0	0	0	0	0.0800640512409928	0	0	0
"Pseudopontixanthobacter"	0	0	0	0.1669449081803	0	0	0	0.0707714083510262
"Pseudoprimorskyibacter"	0	0.0924214417744917	0	0	0	0	0	0
"Pseudoruegeria"	0	0.0924214417744917	0	0	0	0	0	0
"Pseudothauera"	0	0.0924214417744917	0	0	0	0	0	0
"Psychrobacter"	0	0	0.174520069808028	0.1669449081803	0.240192153722978	0.0630517023959647	0	0
"Psychromarinibacter"	0	0	0	0.1669449081803	0	0.0630517023959647	0	0
"Psychromonas"	0.154320987654321	0	0.087260034904014	0	0	0	0	0
"Psychroserpens"	0	0	0	0.1669449081803	0	0	0	0
"Pukyongia"	0	0	0	0	0	0	0.107991360691145	0.141542816702052
"Pukyongiella"	0	0	0.087260034904014	0	0	0	0	0
"Pulveribacter"	0	0	0	0	0	0	0	0.0707714083510262
"Puniceibacterium"	0.154320987654321	0	0.087260034904014	0	0	0	0	0
"Puteibacter"	0.925925925925926	0.55452865064695	0.261780104712042	0	1.52121697357886	1.19798234552333	0.863930885529158	0.707714083510262
"Qingshengfaniella"	0	0	0.087260034904014	0	0	0	0	0
"Qipengyuania"	0	0.277264325323475	0.785340314136126	0.333889816360601	0	0	0.323974082073434	0.0707714083510262
"Racemicystis"	0.154320987654321	0	0	0	0.160128102481986	0.189155107187894	0.107991360691145	0
"Rectinema"	0	0.0924214417744917	0	0	0	0	0	0
"Reinekea"	0	0	0	0	0	0.0630517023959647	0.107991360691145	0.0707714083510262
"Rhabdothermincola"	0.617283950617284	1.1090573012939	0.523560209424084	1.3355592654424	0	0.0630517023959647	0	0.0707714083510262
"Rheinheimera"	0	0.0924214417744917	0	0	0	0	0	0
"Rhizobium"	0.154320987654321	0	0.261780104712042	0	0	0	0.107991360691145	0.0707714083510262
"Rhodocaloribacter"	0.617283950617284	0.739371534195933	0.43630017452007	0.1669449081803	0.0800640512409928	0.189155107187894	0.107991360691145	0.283085633404105
"Rhodocyclus"	0.154320987654321	0.0924214417744917	0	0	0	0.0630517023959647	0.107991360691145	0
"Rhodoferax"	0	0.0924214417744917	0	0	0	0	0	0
"Rhodohalobacter"	0	0	0	0	0	0	0.107991360691145	0
"Rhodoligotrophos"	0.154320987654321	0	0.087260034904014	0.500834724540901	0.0800640512409928	0	0	0.0707714083510262
"Rhodomicrobium"	0	0	0.174520069808028	0.1669449081803	0	0	0	0
"Rhodophyticola"	0	0.0924214417744917	0.174520069808028	0.1669449081803	0	0	0	0
"Rhodoplanes"	0	0	0	0	0	0	0.107991360691145	0
"Rhodosalinus"	0	0	0	0	0	0	0.107991360691145	0
"Rhodovarius"	0	0	0	0	0	0	0	0.0707714083510262
"Robertkochia"	0	0.0924214417744917	0.087260034904014	0.1669449081803	0.160128102481986	0.189155107187894	0.755939524838013	0.0707714083510262
"Robiginitalea"	0.154320987654321	0.55452865064695	0.261780104712042	0.1669449081803	0.320256204963971	0.0630517023959647	0.107991360691145	0.0707714083510262
"Romboutsia"	0.154320987654321	0	0.087260034904014	0.1669449081803	0.240192153722978	0.315258511979823	0	0.212314225053079
"Roseibacterium"	0.154320987654321	0	0	0	0	0	0	0
"Roseibium"	0.154320987654321	0	0.174520069808028	0.1669449081803	0	0	0	0
"Roseiconus"	0	0.184842883548983	0.349040139616056	0	0.0800640512409928	0	0	0
"Roseimaritima"	0.154320987654321	0	0	0	0	0	0	0
"Roseisolibacter"	0	0	0.087260034904014	0.1669449081803	0.0800640512409928	0	0	0
"Roseithermus"	0.308641975308642	0	0	0	0	0.0630517023959647	0	0
"Roseivirga"	1.23456790123457	2.2181146025878	1.30890052356021	0.834724540901502	0.400320256204964	0.567465321563682	0.431965442764579	0.56617126680821
"Roseobacter"	0.154320987654321	0.184842883548983	0.087260034904014	0.1669449081803	0	0.126103404791929	0	0.141542816702052
"Roseovarius"	0.154320987654321	0.0924214417744917	0.174520069808028	0.500834724540901	0	0	0.215982721382289	0.141542816702052
"Rosistilla"	0	0	0	0	0	0.0630517023959647	0	0
"Rossellomorea"	0.154320987654321	0.184842883548983	0	0.1669449081803	0	0	0	0
"Rubripirellula"	0.154320987654321	0.184842883548983	0.174520069808028	0.500834724540901	0	0	0	0
"Rubrivirga"	0.154320987654321	0.277264325323475	0.087260034904014	0	0	0	0	0
"Rubrivivax"	0	0.0924214417744917	0	0	0	0	0.107991360691145	0
"Ruegeria"	0.154320987654321	0	0.174520069808028	0.1669449081803	0	0	0	0
"Ruminiclostridium"	0	0	0	0	0.0800640512409928	0	0.107991360691145	0
"Saccharicrinis"	0	0	0.087260034904014	0	0	0	0	0
"Sagittula"	0.308641975308642	0	0.087260034904014	0.1669449081803	0.160128102481986	0	0.107991360691145	0
"Salaquimonas"	0	0	0.261780104712042	0.1669449081803	0	0.0630517023959647	0.215982721382289	0
"Salegentibacter"	0.154320987654321	0.184842883548983	0	0	0.0800640512409928	0	0	0
"Salibacter"	0	0	0	0	0	0.0630517023959647	0	0
"Salibacterium"	0	0.0924214417744917	0	0	0	0	0	0
"Salinibius"	0	0.0924214417744917	0	0	0	0	0	0
"Salinicola"	0	0.184842883548983	0.087260034904014	0.1669449081803	0.160128102481986	0	0	0.0707714083510262
"Salinimonas"	0	0	0.087260034904014	0	0	0	0	0
"Sedimentibacter"	0	0	0	0.1669449081803	0	0.0630517023959647	0.215982721382289	0.141542816702052
"Sedimentimonas"	0	0	0.087260034904014	0	0	0	0	0
"Sediminihaliea"	0	0	0.174520069808028	0	0	0.126103404791929	0.107991360691145	0.0707714083510262
"Segnochrobactrum"	0	0.0924214417744917	0.174520069808028	0.1669449081803	0	0	0	0
"Seongchinamella"	0	0.0924214417744917	0.261780104712042	0	0.160128102481986	0.315258511979823	0.431965442764579	0.283085633404105
"Sherwoodiella"	0	0.0924214417744917	0	0	0	0	0	0
"Shewanella"	0	0	0	0	0.0800640512409928	0.0630517023959647	0.107991360691145	0
"Shimia"	0	0.0924214417744917	0.087260034904014	0	0	0	0	0
"Shumkonia"	0	0	0.087260034904014	0	0.0800640512409928	0.189155107187894	0	0.0707714083510262
"Sideroxyarcus"	0	0	0.087260034904014	0	0	0	0	0
"Silanimonas"	0.154320987654321	0	0	0	0	0	0	0
"Silicimonas"	0.154320987654321	0.0924214417744917	0.087260034904014	0	0.160128102481986	0	0	0
"Simplicispira"	0.154320987654321	0	0	0	0	0	0	0
"Simulacricoccus"	0	0	0.087260034904014	0	0	0	0	0
"Sinanaerobacter"	0	0.0924214417744917	0.087260034904014	0	0	0	0	0
"Sinocapsa"	0	0.0924214417744917	0	0	0	0	0	0
"Sinorhizobium"	0	0	0	0.333889816360601	0	0	0	0
"Sneathiella"	0	0	0	0	0	0	0.107991360691145	0
"Snuella"	0	0	0.087260034904014	0	0	0	0	0
"Sodalinema"	0	0.184842883548983	0	0	0	0	0	0
"Solibacillus"	0	0	0.087260034904014	0	0	0	0	0
"Sorangium"	0.154320987654321	0	0.087260034904014	0	0	0.189155107187894	0	0
"Spelaeonaias"	6.17283950617284	8.50277264325323	2.61780104712042	2.67111853088481	0	0.378310214375788	0	0.56617126680821
"Sphingomonas"	0	0.0924214417744917	0.087260034904014	0	0	0	0.215982721382289	0
"Spiribacter"	0.154320987654321	0.462107208872458	0.43630017452007	0.333889816360601	0.320256204963971	0.441361916771753	0.107991360691145	0
"Spongiibacter"	0.308641975308642	0.0924214417744917	0.174520069808028	0	0.0800640512409928	0.0630517023959647	0	0
"Sporosarcina"	0	0.0924214417744917	0.087260034904014	0	0	0	0	0
"Steroidobacter"	0	0.0924214417744917	0	0	0	0	0	0
"Sulfidibacter"	0	0	0	0	0.0800640512409928	0	0	0.141542816702052
"Sulfitobacter"	0.308641975308642	0.0924214417744917	0.087260034904014	0	0	0	0	0
"Sulfuriferula"	0	0.0924214417744917	0	0	0	0	0	0
"Sulfuriflexus"	2.9320987654321	2.95748613678373	3.05410122164049	2.83806343906511	3.12249799839872	1.70239596469105	2.91576673866091	2.12314225053079
"Sulfurimonas"	0	0	0	0	0.800640512409928	0.315258511979823	0.323974082073434	0.495399858457183
"Sulfuriroseicoccus"	0	0	0	0	0	0	0	0.0707714083510262
"Sulfurivermis"	0.154320987654321	0	0	0.333889816360601	0	0.126103404791929	0.323974082073434	0.141542816702052
"Sulfurovum"	0.617283950617284	1.84842883548983	0.610820244328098	0.500834724540901	18.9751801441153	33.7326607818411	22.5701943844492	19.3913658881812
"Sunxiuqinia"	0.154320987654321	0	1.39616055846422	1.3355592654424	0.320256204963971	0.189155107187894	0.107991360691145	0.141542816702052
"Symmachiella"	0.308641975308642	0.0924214417744917	0	0.333889816360601	0	0	0	0
"Syntrophobacterium"	0	0.184842883548983	0.087260034904014	0.1669449081803	0.0800640512409928	0	0	0
"Syntrophotalea"	1.38888888888889	0.831792975970425	1.65794066317627	3.50584307178631	4.08326661329063	3.2156368221942	2.91576673866091	3.89242745930644
"Tahibacter"	0	0.0924214417744917	0	0	0	0	0	0
"Tamlana"	0	0	0	0	0	0	0.107991360691145	0
"Tannerella"	0	0	0	0	0.0800640512409928	0	0	0
"Tannockella"	0	0	0	0	0	0	0.215982721382289	0.141542816702052
"Tenacibaculum"	0	0	0	0	0	0	0	0.0707714083510262
"Tepidiforma"	0	0	0.087260034904014	0	0	0	0	0
"Tepidiphilus"	0	0	0	0	0	0	0	0.0707714083510262
"Terrihabitans"	0	0	0	0.1669449081803	0	0	0	0
"Terrilactibacillus"	0	0	0	0	0	0	0	0.0707714083510262
"Terrimonas"	0	0	0	0	0	0.0630517023959647	0	0
"Thalassobaculum"	0	0.0924214417744917	0	0	0	0	0	0
"Thalassococcus"	0	0	0	0	0	0	0	0.0707714083510262
"Thalassotalea"	0.308641975308642	0	0.261780104712042	0	0.320256204963971	1.19798234552333	0.431965442764579	0.495399858457183
"Thauera"	0.308641975308642	0.369685767097967	0.174520069808028	0	0	0.0630517023959647	0	0.141542816702052
"Thermochromatium"	0	0	0	0	0	0.0630517023959647	0	0
"Thermoflavifilum"	0	0	0	0	0	0.0630517023959647	0	0
"Thermohalobaculum"	0.462962962962963	0.0924214417744917	0.261780104712042	0.1669449081803	0.0800640512409928	0.189155107187894	0.107991360691145	0
"Thermopetrobacter"	0	0	0	0.1669449081803	0	0	0	0
"Thermostilla"	0.308641975308642	0	0.174520069808028	0.667779632721202	0.160128102481986	0	0	0.0707714083510262
"Thetidibacter"	0	0.0924214417744917	0	0	0	0	0	0
"Thioclava"	0.154320987654321	0.462107208872458	0.174520069808028	0.1669449081803	0.400320256204964	0	0.215982721382289	0.141542816702052
"Thiogranum"	4.32098765432099	4.80591497227357	2.18150087260035	3.33889816360601	2.56204963971177	2.33291298865069	3.02375809935205	2.26468506723284
"Thiolapillus"	1.08024691358025	0.924214417744917	1.2216404886562	0.667779632721202	0.800640512409928	0.630517023959647	0.863930885529158	0.920028308563341
"Thiomicrorhabdus"	0	0	0	0	0	0	0	0.0707714083510262
"Thiorhodococcus"	0.154320987654321	0.277264325323475	0.174520069808028	0	0	0	0.107991360691145	0
"Thiospirillum"	0.154320987654321	0	0	0	0	0	0.107991360691145	0
"Thiosulfatihalobacter"	0	0.0924214417744917	0	0	0	0	0	0.0707714083510262
"Thiovibrio"	0	0	0	0	0.0800640512409928	0.0630517023959647	0.107991360691145	0.0707714083510262
"Tichowtungia"	0.308641975308642	0	0.261780104712042	0.1669449081803	1.28102481985588	1.19798234552333	0.755939524838013	1.06157112526539
"Tissierella"	0	0	0	0.333889816360601	0	0	0	0.141542816702052
"Trichlorobacter"	0	0	0	0	0	0	0.107991360691145	0
"Trichococcus"	0	0.277264325323475	0.087260034904014	0	0	0	0	0
"Trinickia"	0	0	0.087260034904014	0	0	0.0630517023959647	0	0
"Tritonibacter"	0	0	0.261780104712042	0	0	0.0630517023959647	0	0
"Tropicimonas"	0	0	0	0	0.0800640512409928	0	0	0
"Tsuneonella"	0.154320987654321	0	0.087260034904014	0	0.0800640512409928	0	0	0.0707714083510262
"Uliginosibacterium"	0.154320987654321	0	0	0	0	0	0	0.0707714083510262
"Usitatibacter"	0.154320987654321	0	0	0	0.160128102481986	0.126103404791929	0	0
"Vallitalea"	0	0	0	0	0	0	0	0.141542816702052
"Vannielia"	0.154320987654321	0	0	0	0.0800640512409928	0	0	0
"Variimorphobacter"	0	0	0	0	0	0.0630517023959647	0	0.0707714083510262
"Varunaivibrio"	0	0.0924214417744917	0	0.1669449081803	0.0800640512409928	0	0.215982721382289	0
"Vescimonas"	0.154320987654321	0	0	0	0	0	0.107991360691145	0
"Vibrio"	0.154320987654321	0.184842883548983	0	0.333889816360601	0	0.252206809583859	0.539956803455723	0.0707714083510262
"Vicinamibacter"	0.771604938271605	0.739371534195933	1.2216404886562	2.50417362270451	0.160128102481986	0.315258511979823	0	0.283085633404105
"Vicingus"	0.154320987654321	0.184842883548983	0.087260034904014	0	0	0.252206809583859	0	0.0707714083510262
"Wenzhouxiangella"	6.79012345679012	4.52865064695009	4.10122164048866	4.84140233722871	5.68454763811049	3.08953341740227	3.77969762419006	3.89242745930644
"Wielerella"	0.154320987654321	0	0	0	0	0	0	0
"Williamwhitmania"	0.154320987654321	0	0	0	0	0	0	0
"Winogradskyella"	0	0	0.349040139616056	0	0.320256204963971	0.0630517023959647	0.107991360691145	0
"Wocania"	0	0	0.087260034904014	0	0	0	0	0
"Wukongibacter"	0.154320987654321	0	0	0.1669449081803	0	0	0.107991360691145	0
"Xanthomonas"	0	0	0	0	0	0	0	0.141542816702052
"Xanthovirga"	0	0.0924214417744917	0	0	0	0	0	0
"Xaviernesmea"	0	0	0.087260034904014	0	0	0	0	0
"Yeosuana"	0	0.0924214417744917	0.087260034904014	0	0.0800640512409928	0.126103404791929	0	0.0707714083510262
"Zeaxanthinibacter"	0.308641975308642	0.277264325323475	0	0	0.0800640512409928	0	0	0
"Zhengella"	0	0	0.087260034904014	0	0	0	0	0
"Zhongshania"	0.154320987654321	0	0	0	0	0	0	0
"Zobellella"	0.154320987654321	0.0924214417744917	0	0	0	0	0	0
"Zooshikella"	0	0	0.087260034904014	0	0	0	0	0
